{
  "properties": {
    "id": "LAST_RITE_POTENTIAL_3",
    "level": 3,
    "descriptionParams": {
      "atk_scale2": 1.15,
      "atk_scale3": 1.15,
      "atk_scale": 1.15,
      "1-atk_scale2": -0.1499999999999999,
      "-atk_scale2": -1.15,
      "atk_scale2-1": 0.1499999999999999,
      "1-atk_scale3": -0.1499999999999999,
      "-atk_scale3": -1.15,
      "atk_scale3-1": 0.1499999999999999,
      "1-atk_scale": -0.1499999999999999,
      "-atk_scale": -1.15,
      "atk_scale-1": 0.1499999999999999
    },
    "eventType": "POTENTIAL_EVENT",
    "eventCategoryType": "POTENTIAL"
  },
  "metadata": {
    "originId": "LAST_RITE",
    "dataStatus": "VERIFIED"
  }
}
