{
  "properties": {
    "id": "ROSSI_P1_ORIGIN_OF_ADMIRATION",
    "level": 1,
    "descriptionParams": {
      "potential_upgrade": 1,
      "atk_scale_1": 1.15,
      "atk_scale_3": 1.15,
      "atk_scale": 1.15,
      "atk_scale_s": 1.15,
      "atk_scale_f": 1.15,
      "damage_add": 1.15,
      "atb_return": 10,
      "1-potential_upgrade": 0,
      "-potential_upgrade": -1,
      "potential_upgrade-1": 0,
      "1-atk_scale_1": -0.1499999999999999,
      "-atk_scale_1": -1.15,
      "atk_scale_1-1": 0.1499999999999999,
      "1-atk_scale_3": -0.1499999999999999,
      "-atk_scale_3": -1.15,
      "atk_scale_3-1": 0.1499999999999999,
      "1-atk_scale": -0.1499999999999999,
      "-atk_scale": -1.15,
      "atk_scale-1": 0.1499999999999999,
      "1-atk_scale_s": -0.1499999999999999,
      "-atk_scale_s": -1.15,
      "atk_scale_s-1": 0.1499999999999999,
      "1-atk_scale_f": -0.1499999999999999,
      "-atk_scale_f": -1.15,
      "atk_scale_f-1": 0.1499999999999999,
      "1-damage_add": -0.1499999999999999,
      "-damage_add": -1.15,
      "damage_add-1": 0.1499999999999999,
      "1-atb_return": -9,
      "-atb_return": -10,
      "atb_return-1": 9
    },
    "eventType": "POTENTIAL_EVENT",
    "eventCategoryType": "POTENTIAL"
  },
  "metadata": {
    "originId": "ROSSI",
    "dataStatus": "VERIFIED"
  }
}
